fips,r2
01001,0.4470483941656236
01003,0.096492353417031
01005,0.3558499890594863
01007,0.32013619054384423
01009,0.20698345060933376
01011,0.26117744216478733
01013,0.3272121666754485
01015,0.24338715964213153
01017,0.23185387367679355
01019,0.18590266913493914
01021,0.30743879654071127
01023,0.13312224155454466
01025,0.21756811437883172
01027,0.30812067834136136
01029,0.22402629198893542
01031,0.2823238958083112
01033,0.08034314274336574
01035,0.1760374200366034
01037,0.329803982502231
01039,0.09044255375746246
01041,0.27856678669764434
01043,0.28652981190637894
01045,0.44701626406818795
01047,0.4704469126666443
01049,0.12812564573174645
01051,0.38706640217747856
01053,0.23757713127251578
01055,0.22370872356351434
01057,0.16634962014857302
01059,0.1859661917130434
01061,0.3423884520751328
01063,0.350047064772551
01065,0.39059297021912354
01067,0.4600299691138374
01069,0.5080214267543806
01071,0.03573630983132714
01073,0.26864350519754876
01075,0.2053479176048918
01077,0.15515854001162022
01079,0.2408745778781325
01081,0.3274307665044208
01083,0.18760853249983955
01085,0.3427476547671199
01087,0.30224901446103547
01089,0.06762624157749109
01091,0.2700030334543888
01093,0.15394209441201845
01095,0.14529229714452918
01097,0.09214788665772111
01099,0.17715793594791918
01101,0.3146321875336954
01103,0.18591015056088245
01105,0.44097571220274945
01107,0.25320855596184744
01109,0.3099788491708799
01111,0.2984285605252841
01113,0.3516884707899024
01115,0.2644524352486012
01117,0.27895188705559837
01119,0.26785195293794284
01121,0.2698873297512995
01123,0.3084966039504812
01125,0.3417108543062717
01127,0.3005491922203376
01129,0.23386783301196812
01131,0.335328151145568
01133,0.19150829824376137
04001,0.1692694888041999
04003,0.11639317893569878
04005,0.17768166332885516
04009,0.06883738464675893
04011,0.042236808111088875
04012,0.005612718017921292
04013,0.28311633036217687
04015,0.1475190733929166
04017,0.10179622992652393
04019,0.06964923810718149
04021,0.20881047863901658
04023,0.08742192046574382
04027,0.21526637244979918
05001,0.30480886061078727
05003,0.006931145459632138
05005,0.2896845432516988
05007,0.3071216685338203
05009,-0.01637505800730965
05011,0.041381356171655614
05013,0.11139159351577965
05015,0.17490676648982006
05017,0.18590984294768842
05019,0.11433105837494306
05021,0.10717639586521432
05023,-0.02130971895047118
05025,0.041084662597088206
05027,0.0399004730944309
05029,0.11980908554119185
05031,0.09623419634292163
05033,-0.029635041292359388
05035,0.16978912670422452
05037,0.194492004302805
05041,0.1213539704458444
05043,0.026514250220668112
05045,0.18129850405896164
05047,0.09577241223823929
05049,0.2212017799907442
05051,0.0739437761323325
05053,0.2082802964690481
05055,0.11767404232342782
05057,0.055868320299807595
05059,0.11922244103559676
05061,0.1691675248105774
05063,0.2686903112758138
05065,0.22502352294092376
05067,0.0324262955821093
05069,0.042421926899219864
05071,0.04831815114745319
05073,0.12063790714116895
05075,-0.0018745756740441433
05077,0.050962101383528635
05079,0.012807820264051584
05081,-0.006131735933507576
05083,0.024940987905135215
05085,0.025918048412331585
05087,0.008176401976506265
05089,0.07593463412266621
05091,0.10666414631794663
05093,0.0890290448596226
05095,0.16852210997083683
05097,0.15139916417212151
05099,0.3092068288826133
05101,0.34484806705533877
05103,0.18661790805451428
05105,0.001680843823166689
05107,0.11113956192466246
05109,0.27760586994638015
05111,0.20492279881318398
05113,-0.008190696920624463
05115,-0.004313390485742641
05117,0.18993719175331236
05119,0.2842832216990123
05121,0.2206346878448434
05123,-0.005285916005514091
05125,-0.029393175762991497
05127,0.22827308055554152
05129,0.24447865052981177
05131,0.27760895009175
05133,0.19171843249902598
05135,0.12506227889187882
05137,0.1678800298840566
05139,0.1722177330685819
05141,0.21082179419843794
05143,0.4179635455655434
05145,0.3686531982269132
05147,0.2816280779614819
05149,0.3867886529510922
06001,0.15768357752514894
06007,0.22742907586457872
06011,0.25606395502760215
06013,0.30375630088128325
06017,0.2826117054085776
06019,0.460233558644095
06021,0.34348278207422656
06023,0.26734444626812126
06025,0.5575165334722918
06027,0.2400684935105628
06029,0.27941134585202554
06031,0.4089712855613572
06033,0.08245505465900282
06035,0.25542395927156913
06037,0.2390478021065433
06039,0.26931684147243373
06041,0.5155475707494614
06043,0.3999523416934242
06045,0.4319805719400637
06047,0.31857751877464846
06049,0.43292250535327614
06051,0.350404443487609
06053,0.3887492555766404
06055,0.26365466675757787
06057,0.34838031692438265
06059,0.5141466379668702
06061,0.26859292376485266
06063,0.17560941922337558
06065,0.46004134759082027
06067,0.26882607771979083
06069,0.46525110831360283
06071,0.272364087232418
06073,0.47843982343400016
06077,0.25687138640643004
06079,0.41942646477015844
06081,0.3111003805230833
06083,0.138591568555947
06085,0.30184685569193315
06087,0.35573411240157304
06089,0.38889696267202434
06091,0.1521072154900872
06093,0.27984830741549127
06095,0.2968839334660427
06097,0.4168412831482121
06099,0.3636265563674649
06101,0.1558845840285561
06103,0.3025380799499615
06105,0.29585011031687314
06107,0.2757224425402012
06109,0.18136609940696635
06111,0.36989438995584956
06113,0.41936595040862845
06115,0.3017008256870949
08001,0.3765980718580043
08003,0.2563025713330357
08005,0.5341060355023299
08007,0.4448114743927515
08009,0.3782736047474009
08011,0.1630869737303079
08013,0.32443937387587485
08014,0.42174481234933425
08015,0.38905032419773355
08017,0.34661700207786894
08019,0.37607403385096383
08021,0.4343973395977835
08023,0.49615191041090156
08025,0.32354191275872723
08027,0.30897600574763695
08029,0.4425427601311027
08031,0.24746534134076914
08033,0.23889407200224955
08035,0.5325596359303228
08037,0.3444091900714822
08039,0.17329550861778298
08041,0.34965497706591386
08043,0.3375801349754899
08045,0.44825879348950626
08047,0.31244529710029134
08049,0.24692192844396166
08051,0.43283080290442966
08053,0.507658373646482
08055,0.5579936454614319
08057,0.5751234919705545
08059,0.2720276372150141
08061,0.3556796012527902
08063,0.3580654444372151
08065,0.21516378397569103
08067,0.31735984501262415
08069,0.39948681105158024
08071,0.46114153734510144
08073,0.36626838479779456
08075,0.368424206696071
08077,0.29966395520716105
08081,0.3510265464026605
08083,0.20046795042015153
08085,0.19295075112204185
08087,0.36558632020699156
08089,0.3723158429670066
08091,0.3882777000466643
08093,0.33362308371709015
08095,0.33662361650892725
08097,0.4083473773168518
08099,0.43860518369629486
08101,0.1761248762009031
08103,0.2301843331856226
08105,0.19001495261942292
08107,0.22639553485732555
08109,0.2019305107810262
08111,0.5223448893026782
08113,0.3922798218558361
08115,0.35008093555741093
08117,0.2807174314063563
08119,0.3244955686120139
08121,0.4529872062152165
08123,0.27269575075133634
08125,0.3007980047793156
09003,0.23102137359103414
09005,0.44816417609508974
09007,0.3898122095182569
09009,0.1201714148592884
09013,0.19634238966848427
10001,0.5051343206042374
10003,0.288542083299426
10005,0.22646356421048364
12001,0.2997532595236556
12003,0.08336832668371918
12005,0.0989132265508097
12007,0.24148086697301363
12011,0.14931943197570496
12013,0.22774692820157283
12015,0.27528868643863647
12017,0.15415188564097448
12019,0.3768568255993565
12021,0.24287970184927765
12023,0.14539112553348466
12027,0.23090194826101607
12029,0.250752652818243
12031,0.38250652538841956
12033,0.3941500593824261
12035,0.3099343412125275
12039,0.11366689808483654
12041,0.17673929692402757
12043,0.16453079425481865
12047,0.06523764364136131
12049,0.3081355559660025
12051,0.28607173811790787
12053,0.282854039991586
12055,0.31748841089955826
12057,0.3288963187619338
12059,0.1344015642314328
12061,0.46038402163485814
12063,0.4333717146149516
12065,0.22933362562708048
12067,0.06914266783931222
12069,0.16745809657425725
12071,0.16063414542243704
12073,0.2857484880982145
12075,0.27400939373410915
12077,0.24536189276164555
12079,-0.027383902650652603
12081,-0.02669210506162889
12083,0.28222412117854845
12085,0.1888302213875549
12086,0.23997196075570304
12089,0.13959422817545608
12091,0.07767664531329976
12093,0.06319145689851424
12095,0.24506290331980873
12097,0.27863085298274215
12099,0.11575860635853119
12101,0.11206989940870826
12103,0.39717371307941984
12105,0.22652946324195533
12107,0.4010209503989981
12109,0.16257402102794816
12113,0.17040059513224026
12115,0.19130992955153758
12117,0.05998000144625126
12119,0.19304954172435618
12121,0.20573599327704584
12123,0.07201822762355792
12125,0.24003430062490494
12127,0.18560392667889647
12129,0.3019670309617717
12131,0.39867980930167213
12133,0.32890420961264877
13001,0.06192189651515523
13003,-0.014984857922334838
13005,-0.01805039147425691
13007,0.025206581066808398
13009,0.22448830337674797
13011,0.17128026542149266
13013,0.12839684664221462
13015,0.20509075598950832
13017,0.03395523682367829
13019,0.034110374639347185
13021,0.31310357952555623
13023,0.25364469928443945
13025,0.11728228096100879
13027,0.2177984647886183
13029,0.13190599536627579
13031,0.23057402503869118
13033,0.18522695584270887
13035,0.07210145133753898
13037,0.07030627419549895
13039,0.12057408462624275
13043,0.2887141442696438
13045,0.19535551487767067
13047,0.4106864089086484
13049,0.3522790947844664
13051,0.20258198155155394
13053,0.20605097888082824
13055,0.16769929761381852
13057,0.16341350388678233
13059,0.37464536104473056
13061,0.3759783699815069
13063,0.26758939457801345
13067,0.27281937274350987
13069,0.13940776727114312
13071,0.329318039360621
13073,0.07646542024564651
13075,0.273355483226414
13077,0.4440598590991891
13079,0.46819151609447396
13081,0.4803975963017819
13083,0.2753912632560155
13085,0.288810924609455
13087,0.17981392619856706
13089,0.28478058583794263
13091,0.33451645933241314
13093,-0.020337171625768313
13095,0.12947564634665376
13097,0.2860147064549924
13099,0.4358975447324347
13101,0.416027967045126
13103,0.2563529916600099
13105,0.30670794533976153
13107,0.2023069167972723
13109,0.3386336516651066
13111,0.16485445370575869
13113,0.3076600058648792
13115,0.26497571100089456
13117,0.39980369380476544
13119,0.19587165564170228
13121,0.4229903852662438
13125,-0.03028466480008718
13127,-0.02128254538727048
13129,0.04436896247357347
13131,0.32321027118628853
13133,0.20862615101984694
13135,0.157074038519864
13137,0.1811610449877592
13139,0.41940880208479636
13141,0.29398790547605647
13143,0.006670944591376182
13145,-0.025146994036850723
13147,0.13413772484374153
13149,0.09804599135483183
13151,0.3943423758410828
13153,0.3541128350008311
13155,0.36252646621602613
13157,0.33463687976149925
13159,0.32177191993924625
13161,0.20215155809716034
13163,0.3293664644462949
13165,0.23587092916148933
13167,-0.007545421662285001
13169,0.009185923455110934
13171,0.23224675839805276
13173,0.16803912566043533
13175,0.2414607028645489
13177,0.36556912157603805
13179,0.47998871359809503
13181,0.456972383763128
13183,0.2145309808703847
13185,0.20254276571185803
13187,0.3720111503559236
13189,0.013007139779862342
13193,0.005717376520044448
13195,0.11511996150883075
13197,0.24312498504028557
13199,0.17780685717588796
13201,0.08265344883762193
13205,0.08005373944954708
13207,-0.015774996183060885
13209,0.25825155795315224
13211,0.2231140673285531
13213,0.1327551186486151
13215,0.22578990686861666
13217,0.12645817408473892
13219,0.22306438462320066
13221,0.3337194601606839
13223,0.08778299894025632
13225,0.3014128456568008
13227,0.1621809123055734
13229,0.16314808525283875
13231,0.5796360345152295
13233,-0.02974194347342385
13235,-0.020453928104065877
13237,-0.022088608058690173
13239,0.015309948024485709
13243,0.1875298329987879
13245,0.11577668367046468
13247,0.1177719429997488
13249,0.1650384306331819
13251,-0.0025632757876712375
13253,0.29462169197747745
13255,0.1771396656211246
13257,0.05563172459225785
13259,0.16367856620614174
13261,0.059178886976531064
13263,-0.0013422543316572444
13265,-0.0006999024940963494
13267,0.0028713577029078063
13269,0.03222229505152041
13271,0.0667253306648713
13273,-0.02863532462223084
13275,0.2728361127795742
13277,0.2886379765741638
13279,0.10266650611009309
13281,-0.0005747436510352699
13283,0.05896669146012512
13285,0.055086093983839346
13287,0.2727605449661821
13289,0.1728107064301465
13291,0.05665828416214591
13293,0.08822837541765016
13295,0.10663710504172208
13297,0.20054613473722105
13299,0.019198519024514638
13301,0.1061142177192842
13303,0.08490665626446103
13305,0.13447708924425117
13307,0.06802301643248454
13309,0.16260154592132192
13311,0.39663139799865
13313,0.007780029465153215
13315,-0.018128927940115114
13317,-0.021151913300896386
13319,0.015652772899978573
13321,0.07312159942074159
16001,0.25079594686495976
16003,0.11360822643131774
16005,0.25082160904776407
16007,0.10841574988449709
16009,0.23652385175403223
16011,0.18269696486440778
16013,0.09355762014716962
16015,0.09201313190289828
16017,0.013187067250491458
16019,0.032457302146907785
16021,0.02997717963445623
16023,0.04286525744879366
16025,0.27738138016859093
16027,0.27328288896126773
16029,0.15847616121403452
16031,0.030906391279841627
16033,0.1031491167398938
16035,0.04703550236549825
16037,0.03221887661016798
16039,0.09802031904845254
16041,0.25324659579432374
16043,-0.024300068186895674
16045,0.015176392034943142
16047,0.19222571974127256
16049,0.20593485081273244
16051,0.22083475469298453
16053,-0.0045197714509706
16055,0.11856026864289282
16057,0.10077831443718266
16059,0.11093847100632415
16061,0.2092702783507464
16063,0.188383464045483
16065,0.0008774618856239869
16067,0.03870527763716891
16069,0.13265529301294277
16071,0.11516181098776979
16073,0.16663121979790863
16075,0.010774169205848616
16077,0.08473076190345707
16081,0.23231752651253468
16083,0.25829035737048844
16085,0.10773659945419534
16087,0.02096542935684098
17001,-0.018230479875021688
17003,-0.0066328729133144915
17005,-0.020246170187172785
17007,0.07194818230678868
17009,-0.029332085372750782
17011,0.16633908198485625
17013,0.041871341791727135
17015,0.14160337422099345
17017,0.14506423852392802
17019,0.17481967669942244
17021,0.23700665250211905
17023,0.06992613951822613
17025,0.042196450310195144
17027,0.26910090349200744
17029,0.24677700325803176
17031,0.26216656096201874
17033,0.010293472125245784
17035,0.03332743063804222
17037,0.01749056522197301
17039,0.3293816750276931
17041,0.36026176092186724
17043,0.36407576944194997
17045,0.3072202156349172
17047,0.35259146620728377
17049,0.2545458138945965
17051,0.07375335607131595
17053,0.21939695882292276
17055,0.20457790037844692
17057,0.33782051952626624
17059,0.29220968371653944
17061,0.14005935133334801
17063,0.15283124998835163
17065,0.07178087232812114
17067,0.2211632275398836
17069,0.3429227413822934
17071,0.17874458130109472
17073,0.13405413085292517
17075,0.14708876868593324
17077,0.36830749507829574
17079,0.3739806617411331
17081,0.42615559948725246
17083,0.2926874563255152
17085,0.1056850523869578
17087,0.21122146604314906
17089,0.384480642977446
17091,0.35212539839721757
17093,0.3557593343200157
17095,0.4364913807381725
17097,-0.00019148423389547808
17099,0.22620610516241468
17101,0.42417717344378725
17103,0.3905834540878981
17105,0.23401523463473672
17107,0.2066694783735774
17109,0.21720438064479552
17111,0.23528622329947868
17113,0.45892745845173655
17115,0.03824543723778151
17117,0.2714591903144037
17119,0.10003582480692497
17121,0.163911085916837
17123,0.4330917911820048
17125,0.3551948002511345
17127,0.3808785076510903
17129,0.15271427557429218
17131,0.47254315658885704
17133,0.1601531255099995
17135,0.2592157664168693
17137,0.09533990665562542
17139,0.387351931203616
17141,0.18201007490030852
17143,0.46156138902224664
17145,0.22997842979799588
17147,0.15193648906924384
17149,0.11002331658386544
17151,0.27630997910053523
17153,0.25487623366272827
17155,0.1737821890799972
17157,0.22859428248136981
17159,0.3434907813457859
17161,0.16843087649853516
17163,0.11092100493700419
17165,0.1316884301947694
17167,0.14533508486118984
17169,0.223969426904986
17171,0.38880953705176025
17173,0.29821907708416495
17175,0.23971718355358174
17177,0.06272513704843174
17179,0.4093146336464508
17181,0.3893741073273733
17183,0.4233148612079598
17185,0.3480425632673896
17187,0.19182478487000965
17189,0.3163697084243289
17191,0.3406721297298215
17193,0.3920175179982758
17195,0.4893322686998718
17197,0.1667505914048013
17199,0.24741979494238153
17201,0.35491060373676675
17203,0.4108594052736606
18001,0.37004971609396886
18003,0.2886418991899783
18005,0.2513363751791502
18007,0.38994142092398243
18009,0.16232524959119965
18011,0.14449830625515914
18013,0.1826349274972897
18015,0.2511500524651119
18017,0.10553558851938705
18019,0.38108070411678163
18021,0.43976897906962376
18023,0.19751667118133598
18025,0.15188806476908756
18027,0.34097250712005445
18029,0.4314780596216722
18031,0.4035139814112717
18033,0.3189064462682121
18035,0.1891823029331332
18037,0.1700670375667872
18039,0.3665943369536018
18041,0.2515036099377017
18043,0.33298950426275953
18045,0.2812088548808347
18047,0.2043574694758129
18049,0.34511109862450984
18051,0.12968073945668201
18053,0.1381266818014153
18055,0.06121442148750866
18057,0.5157861009498763
18059,0.5737801592088172
18061,0.20345035224390517
18063,0.2913337519394793
18065,0.2978289497102111
18067,0.4189324365120626
18069,0.4638694105995179
18071,0.5970307609198492
18073,0.5009044846653845
18075,0.40827081107162255
18077,0.6096759482775325
18079,0.5152666905838641
18081,0.5829056833089501
18083,0.4807882230669793
18085,0.5496917411001937
18087,0.5452300809946307
18089,0.6217120990063796
18091,0.5947237209401418
18093,0.41268530450288665
18095,0.552425865076688
18097,0.6064228411465604
18099,0.5702114111972554
18101,0.3675339938767779
18103,0.6061590916750177
18105,0.6511731823024474
18107,0.5470632698075546
18109,0.6332876617549259
18111,0.7678213962335827
18113,0.745097859164357
18115,0.7639601852664781
18117,0.5819576165626141
18119,0.7540691322441404
18121,0.6944559763418439
18123,0.4681733837092249
18125,0.744590370602348
18127,0.6776673389204357
18129,0.4559455468523055
18131,0.4918642921159667
18133,0.4187290021386929
18135,0.48999921313634665
18137,0.47533659963178687
18139,0.706055989590674
18141,0.3079666566756989
18143,0.459382044088569
18145,0.5942135989053509
18147,0.6593319044412276
18149,0.6078528723469012
18151,0.33831074644672987
18153,0.5572455306101323
18155,0.6046744232607317
18157,0.5133877442878187
18159,0.4666281259871249
18161,0.6221797980129298
18163,0.47421967681407806
18165,0.4709408133369014
18167,0.6478327456280766
18169,0.6495839461863139
18171,0.6942911537690186
18173,0.49198642324123465
18175,0.6894696357502643
18177,0.6796334006939068
18179,0.6660887235833379
18181,0.5481436317161259
18183,0.331522956814034
19001,0.33781318078731115
19003,0.7158326966147704
19005,0.7941357532585714
19007,0.6789043328655641
19009,0.5295446959726822
19011,0.4317463213264551
19013,0.5889342279303319
19015,0.6248196269487472
19017,0.6436852823633602
19019,0.8414239576183545
19021,0.39950877189387635
19023,0.6765965467253605
19025,0.5465389165179135
19027,-0.009483139826761189
19029,-0.017536299316514015
19031,-0.0280024801738481
19033,-0.012656243208007512
19035,-0.024103116782917322
19037,0.024364974372200088
19039,-0.02781860413546622
19041,0.02953430664614054
19043,0.029791240550923637
19045,0.023047460226857885
19047,0.017947852861445623
19049,0.011563726810816743
19051,0.10926906348967724
19053,-0.030274635826011087
19055,-0.021580043302726226
19057,0.14960481034513273
19059,-0.027619114378944376
19061,0.025376961634013706
19063,-0.007193959408881678
19065,-0.03027968783798629
19067,0.0075473409163457905
19069,-0.019919622570417905
19071,-0.029351397749949104
19073,-0.008493580824863178
19075,0.03813662861553002
19077,0.03915310828786078
19079,0.10940402414876171
19081,0.011784266714755298
19083,-0.01669902962502845
19085,0.044389922649540337
19087,-0.011325430392115754
19089,-0.029661631030434066
19091,0.000867745831164779
19093,0.030761187374856336
19095,0.023801530031664853
19097,0.04303502558175809
19099,-0.01644633512439264
19101,-0.021561817633356295
19103,-0.02508989502231751
19105,-0.02348385121624119
19107,-0.02946448730247897
19109,0.10103314173157774
19111,-0.0033449042832280895
19113,-0.022891816831597467
19115,-0.029248461997345654
19117,-0.03025257995705677
19119,-0.026955460142645382
19121,-0.022787123846531143
19123,-0.023216798730103516
19125,-0.025678008472223013
19127,-0.0067584820843422655
19129,-0.02822806058253957
19131,0.06674900064068845
19133,0.17583371106335144
19135,0.17975711098143188
19137,0.43409657150905834
19139,0.32202880716805016
19141,0.2392500059946746
19143,0.21994947624855232
19145,0.12096409183290713
19147,0.06490189506091193
19149,0.09467528816902016
19151,0.037540316942352936
19153,0.22539228866031236
19155,0.1935685758490745
19157,0.09544239290578083
19159,0.24407571928805516
19161,0.16319610065608303
19163,0.10865260755313855
19165,0.2067902008021325
19167,0.28612668011639386
19169,0.07919102080947737
19171,0.2068230224340739
19173,0.16494801587874508
19175,0.128855184384994
19177,0.041159817739323534
19179,0.6384308562718801
19181,-0.005685082662536978
19183,0.20715194334351916
19185,0.1950367700914204
19187,0.08218727213894816
19189,0.11266379699997997
19191,0.21575164565898086
19193,0.2797777377692685
19195,0.11887218352411
19197,0.1920025247689816
20001,0.21278203026363463
20003,0.2716243913904932
20005,0.2257214871832608
20007,0.23234474661383997
20009,0.16914515442935196
20011,0.18540521648708974
20013,0.15142583081283945
20015,0.13294477078698896
20017,0.15960753012635354
20019,0.07325264969452105
20021,0.2825016122370614
20023,0.23577494361868334
20025,0.19611243091432518
20027,0.15221815119507687
20029,0.07565008730351508
20031,0.1914421677031659
20033,0.19094299909948642
20035,0.2723313839363163
20037,0.04580586954408927
20039,0.1297798213449216
20041,0.22991579949404628
20043,0.14965409131669427
20045,0.25839616065614635
20047,0.19380237778795062
20049,0.26593015998079406
20051,0.1402065149556525
20053,0.15243727712647226
20055,0.3642276383442451
20057,0.07645313002251919
20059,-0.01641316676387583
20061,0.13784079546334405
20063,0.15833562100123744
20065,0.08910530190337673
20067,0.08818065800847774
20069,0.10013282191334272
20071,0.13652917803636466
20073,0.11281819016710126
20075,0.16813505722766264
20077,0.13695968162650363
20079,0.09027685270652042
20081,0.11081483650483448
20083,0.0961902206143479
20085,0.09301735344957418
20087,0.20116749320348237
20089,0.1749189412998794
20091,0.056686006483059104
20093,0.09153918605463662
20095,0.07570806887156101
20097,0.08886357850252447
20099,0.09915284138602265
20101,0.10197694080067121
20103,0.08185176264384408
20105,0.04829567205824403
20107,0.07480264055577857
20109,0.1415078485090847
20111,0.12742700781043015
20113,0.04912039716195271
20115,0.11977261657041405
20117,0.026682460190823654
20119,0.15726980946599645
20121,0.14803091319814954
20123,0.22097889799921033
20125,0.2721292646920972
20127,0.09476904074840398
20129,0.1161548216948477
20131,-0.029672080318203786
20133,0.32050171759265955
20135,0.23902018310444995
20137,0.24308453497327054
20139,0.30142528938259083
20141,0.1896483014436483
20143,0.13523239091073058
20145,0.08983914207298771
20147,0.030582964553686365
20149,0.09935676492298329
20151,0.1988056624120239
20153,0.0724566284823942
20155,0.19996969022431954
20157,0.3145973587633768
20159,0.23592891986867137
20161,0.2786121190534908
20163,0.06258527534914338
20165,0.13348704166358305
20167,0.05690964523092423
20169,0.07744055455013332
20171,0.07556132289269113
20173,0.1659576360982662
20175,0.09798252088256454
20177,0.2533845219983124
20179,0.1830312169869588
20181,0.35952164613197257
20183,0.17864412174721866
20185,0.14156370400937457
20187,0.10755538901167394
20189,0.11999024460422714
20191,0.14012880352809243
20193,0.12365747337161859
20195,0.18206550232458407
20197,0.22213908166223806
20199,0.3276808768466676
20201,0.30245248902849
20203,0.39073735409771426
20205,0.3765566206045262
20207,0.2378289811513271
20209,0.2884395127350281
21001,0.2597678152089756
21003,0.2817564774163518
21005,0.15862661558547742
21007,-0.014469400217841155
21009,0.2538320012356673
21011,0.27079931529313317
21013,0.27939007228159174
21015,0.27530548250724096
21017,0.2263307879506934
21021,0.2369400321065822
21023,0.29459579051785356
21027,0.2998118732044788
21029,0.4910833987056362
21031,0.6755490331363623
21033,0.1667435742914939
21035,0.20001748817647313
21037,0.18980681677536193
21039,0.22238643453990647
21041,0.28338244124621315
21045,0.31106650348876697
21047,0.3682303287227401
21049,0.16904928178659862
21051,0.12449242648143954
21053,0.19289871084843313
21055,0.730664513389215
21057,0.22851989937683104
21059,0.256183361372219
21061,0.17726936571566854
21063,0.15594444145694075
21065,0.19947334360472757
21067,0.2862834953927401
21069,0.2774129617684229
21073,0.3380994271363432
21075,0.3775233391792192
21077,0.3232098410493224
21079,0.24163132330888526
21081,0.14527078481499311
21083,0.16932141407120804
21085,0.07670644711048125
21087,0.0710895417999513
21089,0.22826198688464416
21091,0.3058998107976082
21093,0.2637068993423103
21097,0.1750307545909331
21099,0.09590811618672812
21101,0.11459477748991054
21103,0.14677976223172462
21105,0.17264468980398884
21107,0.1404706631582221
21109,0.2684916417182954
21111,0.17937880043360444
21113,0.16062587438824594
21117,0.5450581231333006
21121,0.5524176873054115
21123,0.6596449990598571
21125,0.23340448333904695
21135,0.1182575459277212
21137,0.2914371996228098
21139,0.4127025181011802
21141,0.36794286756482386
21143,0.17382132953177953
21145,0.19061547580466076
21149,0.39907607694168556
21151,0.284673613039396
21155,0.30668778501353
21157,0.26204950894379686
21161,0.22810318970618204
21163,0.19818496525749485
21165,0.11233154094589459
21167,0.2803726903496846
21169,0.2527275732253823
21171,0.2721606846571969
21173,0.2961556720104568
21175,0.15983970566838757
21177,0.3353456365226096
21179,0.4235497650790865
21181,0.4866022942664867
21183,0.5310187669242212
21185,0.45349521656691605
21187,0.24579600313293182
21191,0.08699595371978608
21197,0.39666059993172864
21199,0.6965294984882242
21201,0.6478364256455296
21203,0.3817235159110036
21205,0.3636676161665109
21207,0.19751108498898773
21209,0.4117582540871221
21211,0.37474566890626837
21213,0.34737201083701563
21215,0.4570823213644226
21217,0.29762876580545505
21219,0.4706309972632984
21221,0.4124334519780616
21223,0.46686411241953096
21225,0.36633375813727465
21227,0.44380212160151356
21229,0.47360403696458064
21231,0.34290957722648885
21233,0.2926324605003916
21235,0.3078913971269841
21237,0.22494050560495382
21239,0.6501157204175374
22001,0.5778670314622916
22003,0.34804811644005273
22005,0.12783562134858284
22007,0.21608210366804337
22009,0.35989156266143185
22011,0.19962068252400067
22013,0.3599070226812937
22015,0.2533064920477285
22017,0.28773423777964946
22019,0.3279933733928764
22021,0.15005687469564377
22023,0.2791640528573368
22025,0.25499875073587486
22027,0.6759700852767232
22029,0.43452843107935646
22031,0.43226830530412164
22033,0.34568614915044416
22035,0.2807006756855248
22037,0.42109212274470076
22039,-0.029880915690529752
22041,-0.026880586821292685
22043,-0.01681812742054234
22045,0.2081085146559516
22047,0.35998997841077074
22049,0.5054383717562905
22051,0.451905637054936
22053,0.4640173225312859
22055,0.4426672168646367
22057,0.45535433073030895
22059,0.2287737099603424
22061,0.22234491340256413
22063,0.2676358815786697
22065,0.2974711803371267
22067,0.5051013829025448
22069,0.40868531031576916
22071,0.5755274301967062
22073,0.5588842975623565
22075,0.47565584177231346
22077,0.5937627224905823
22079,0.45651080657454257
22081,0.6660216599778357
22083,0.6732769552003872
22085,0.6656926667230187
22089,0.5242209312946096
22091,0.5293616781273174
22093,0.6149749809246379
22095,0.5749004451593307
22097,0.4574619618875265
22099,0.38846236647956733
22101,0.41640160743640176
22103,0.35164701801169296
22105,0.41152179338848227
22107,0.5491296662750629
22109,0.5168463959994776
22111,0.49029584412241856
22113,0.5438977132934686
22115,0.23474087084717377
22117,0.37420415874312085
22119,0.40844987931937504
22121,0.3608488256791894
22123,0.36339579713746906
22125,0.4086061733524866
22127,0.4108547598527753
23003,0.19698346578734283
23005,0.6815229171538411
23007,0.513028619085349
23017,0.1599131027087377
23019,0.2829227853942159
23021,0.38969831112922626
23023,0.18298797488272123
23029,0.06596388398185937
24001,0.49589408168221794
24003,0.5651236250572815
24005,0.5805643385415796
24009,0.3621673359267886
24011,0.32636911702446136
24013,0.6412400893544259
24015,0.3567886682624303
24017,0.22850496523391106
24019,0.26602947627004436
24021,0.17889387938033197
24023,0.17870486480405579
24025,0.4563858168350837
24027,0.39747109638221556
24029,0.4410746739074718
24031,0.3305165067854827
24033,0.6136047069414716
24035,0.4850914123899456
24037,0.2504831331474344
24039,0.6445727051476045
24041,0.5274945477402179
24043,0.4597688480714115
24045,0.3549729362853259
24047,0.35896620612855323
25003,0.36431177204636056
26001,0.3497374583707821
26005,0.47604731831936964
26007,0.27410014404958905
26009,0.0448247376798816
26011,0.33233254716175054
26013,0.49700506440158
26015,0.3382963514416747
26017,0.5157330441881267
26019,0.4092421975474586
26021,0.16831671981298102
26023,0.11851138090263946
26025,0.17207839932348257
26027,0.06718720707650261
26029,0.0408750239003578
26031,0.12419563520034183
26033,0.21840586978634569
26035,0.3517788962713778
26037,0.08645051649870517
26039,0.17852382879216389
26041,0.28180130208541154
26043,0.09021482244453327
26045,0.24671024884909565
26047,0.34703457995668674
26049,0.09436195168122508
26051,0.21800123808019267
26053,-0.024666598458427558
26055,0.22266158345857345
26057,0.2836953583680194
26059,0.17232311934097955
26061,0.37878122520223756
26063,0.31101088743867744
26065,0.3309803352116475
26067,0.2509393909705784
26069,0.33171580965311975
26073,0.2412336454734073
26075,0.1697394907553038
26077,0.16683207498701957
26079,0.16041381404263855
26081,0.46093507479065365
26085,0.32847866244835944
26087,0.15623680890286729
26089,0.26792705483765755
26091,0.3583225133280018
26093,0.07048740183804625
26095,0.042864703818584204
26097,0.18393470806360612
26099,0.1950523497239982
26101,0.19123202935909778
26105,0.33173675647261813
26107,0.40252302722867384
26109,0.1107163699154794
26111,0.16843701043214487
26113,0.49738307933477965
26115,0.43982853883283424
26117,0.14803872564683107
26119,0.3849157196063592
26121,0.2947533146255692
26123,0.11962302722360552
26125,0.5224576598925493
26127,0.3453336241332361
26129,0.2797826053823158
26131,0.2831232646303853
26133,0.30554128482524967
26135,0.40696886753346295
26137,0.372437100515969
26139,0.22919996112016705
26141,0.2583553195740248
26143,0.22835643183009846
26145,0.39476045653934166
26147,0.48300785315078176
26149,0.4399931970005163
26151,0.17740048337029368
26153,0.4105786649187696
26155,0.4221494605952656
26157,0.3965143731584927
26159,0.4354379904900475
26161,0.2516332641041522
26163,0.5591011227790144
26165,0.4458520522732794
27001,0.41569045502152835
27003,0.4338546355129351
27005,0.3563653952917083
27007,0.04031406584067376
27009,0.5798927654702841
27011,0.4990534511055651
27013,0.3354402312653373
27015,0.33441841700888575
27017,0.18877407059436557
27019,0.4635567588984304
27021,0.4130595505279293
27023,0.5322731851822908
27025,0.5237969768758435
27027,0.45921484815750624
27029,0.4958226293079928
27033,0.2790871031474885
27035,0.010734975972174876
27037,0.39654042852149873
27039,0.34410545837793016
27041,0.4243765464546886
27043,0.3350580664416245
27045,0.06899665090117091
27047,0.29950401870937726
27049,0.12360702892700304
27051,0.4826293188747287
27053,0.7257358141364929
27055,0.6169083629528292
27057,0.5403453636181951
27059,0.57461385484379
27061,0.6281729494887005
27063,0.7296846108129793
27065,0.578313452696769
27067,0.7406304854617011
27069,0.7308687721881755
27071,0.6776177009271295
27073,0.535161614303556
27077,0.5436889900011777
27079,0.36386234060620304
27081,0.227903103126476
27083,0.6108831012116858
27085,0.828904140815555
27087,0.8250747003031925
27089,0.7846797630359095
27091,0.8215414989928365
27093,0.40641673847469095
27095,0.45705578209745124
27097,0.4308513219618262
27099,0.6386076316545328
27101,0.4040705844715382
27103,0.7578153277551762
27105,0.7506983546705981
27107,0.5091222327343996
27109,0.5377022496763674
27111,0.5316499782211108
27113,0.7225836761647813
27115,0.6989135001091816
27117,0.6959128257152434
27119,0.5920117126073594
27121,0.539765358447607
27123,0.691910132331317
27125,0.7294643154485091
27127,0.6821159265775374
27129,0.6546696832334578
27131,0.5726920805604271
27133,0.6804445323712254
27135,0.3663723255281969
27137,0.7391418460262797
27139,0.6464982872165266
27141,0.501706137972123
27143,0.2979814016206038
27145,0.6754779537151907
27147,0.6826205464686228
27149,0.7530584392991806
27151,0.4146273527380624
27153,0.3176897677656738
27155,0.4853815755816828
27157,0.6527714879107012
27159,0.6033728058789194
27161,0.5350951777684068
27163,0.5180160877292919
27165,0.5194614253423113
27167,0.36706005531320995
27169,0.5318080193761412
27171,0.43889849091832667
27173,0.7493307800691398
28001,0.5060123014600797
28003,0.6662317514581038
28005,0.48259156126691094
28007,0.6350139103117503
28009,0.22520201032714526
28011,0.42968045678553246
28013,0.5204976939954687
28015,0.5608732021441799
28017,0.3111444556390628
28019,0.08584265720532125
28021,0.09194090366129415
28023,0.1501851419774557
28025,0.15203129247364622
28027,0.15438873896964578
28029,0.17853816461080263
28031,0.12270274757338784
28033,0.1680185326862409
28035,0.13959660886384972
28037,0.202643461165524
28039,0.17393942937926332
28043,0.03351683284683704
28045,-0.016457478362612576
28047,-0.01027022034286329
28049,0.01749900806873017
28051,-0.02083026647878805
28053,-0.0009845260245471277
28055,0.91693773877939
28057,0.49831398174172026
28059,-0.00411384121479208
28061,0.05273993878523808
28063,0.05157901419421018
28065,0.016616776350760643
28067,0.009882922255653681
28069,-0.02269079641066174
28071,-0.017643509476833685
28073,0.18904831952650647
28075,0.12688202008899563
28077,0.20613455096568056
28079,0.23927959860968195
28081,0.1140097844612381
28083,0.12715178856886178
28085,0.30385544976439294
28087,0.2476008259927316
28089,0.2723343349548768
28091,0.01574125464631948
28093,-0.020493548753308444
28095,0.019092104738449467
28097,0.11780690860539833
28099,0.14783693272675036
28101,0.1587270363373724
28103,0.12997687909977174
28105,0.09199313439172818
28107,0.12536591147114806
28109,0.026227974598920456
28111,0.020379178589505442
28113,-0.030289535935384748
28115,-0.030176484576229345
28117,-0.0298033674544933
28119,0.09836923621461502
28121,0.1677598440747804
28123,0.2978832128002902
28125,0.27824258294638304
28127,0.2170135214215959
28129,0.19719282182365128
28131,0.18391315049943102
28133,0.20731969732323952
28135,0.1769801386249451
28137,0.20386998689105762
28139,0.4174412096815848
28141,0.6610333296460433
28143,0.2393158715187973
28145,0.13288866068264116
28147,0.06304301857367578
28149,0.038524623988946405
28151,0.28892670246153485
28153,0.2566398486560316
28155,0.18213566410709725
28157,0.1673786173309857
28159,0.1317588421063003
28161,0.11953670179210651
28163,0.08669227873563701
29001,0.09128717388853402
29003,0.05943537202733351
29005,0.07487765403215885
29007,-0.02634787096369151
29009,0.12522415474978943
29011,0.058884718579263695
29013,0.19352219733834342
29015,0.11430019796545576
29017,0.15955074936591362
29019,0.1984812532120025
29021,-0.013538367766346537
29023,0.2028944217698715
29025,0.09426276074394047
29027,0.06644907086296792
29029,0.1193757172498141
29031,0.16980412683260904
29033,0.23538537376500424
29037,0.3862457375153242
29039,0.17832538956717603
29041,0.1216129149386801
29043,0.08296020111210922
29045,0.05270941887793157
29047,0.07600081645404
29049,-0.01739595223317636
29051,-0.027057532515685434
29053,-0.030265811311783075
29055,0.1849433699518903
29057,0.1908634137766152
29059,0.01828028918544533
29061,0.013580111048860588
29063,0.03627840977726793
29065,0.21399205974291735
29067,-0.014659959903001507
29069,0.14142110127045893
29071,0.06964700523630418
29073,-0.028617200088474792
29075,-0.024484360582504916
29077,-0.008667215196717315
29079,0.08007082326549875
29081,-0.0031417236402739857
29083,0.33848416620811217
29085,0.31142209286611955
29087,0.3361305597768637
29089,0.2555241940355749
29091,0.10931421267169439
29093,0.04894027730670636
29095,0.11251192754788675
29097,-0.023271786829929475
29099,0.19975672397417144
29101,0.36399266161362853
29103,0.2871948022373614
29105,0.27430811372675545
29107,0.20966881490147715
29109,-0.0027395286343518954
29111,0.20917976294824425
29113,0.2473428561040223
29115,0.14357372843500327
29117,-0.026350643130074403
29119,0.28238608598655135
29121,0.07346477764458503
29123,0.0952875333671459
29125,-0.02341244067821857
29127,-0.020850930119894695
29129,-0.03016132877494937
29131,-0.01849884774618893
29133,-0.010688487201191421
29135,0.24561582839997764
29137,0.19168149244987143
29139,0.08559280796270063
29141,0.20195092282915228
29143,0.12918561207629986
29145,0.28052196219590364
29147,0.13513580664460745
29149,0.28255948264851327
29151,0.32519436641058896
29153,0.3947052878418893
29155,0.20452821690391376
29157,0.36819374074986866
29159,0.24690531950735628
29161,0.21706473575697294
29163,0.24728201803614658
29165,0.10620723680597843
29167,-0.0300212750241855
29169,-0.016909063004931557
29171,0.05458675035633109
29173,0.0543835749673367
29175,0.08408755961993997
29177,0.20699724877204673
29181,0.10465990570687844
29183,0.28250177482542116
29185,0.20195064942168428
29186,-0.01030632234178075
29187,-0.014290003093588632
29189,0.1492429043888157
29195,0.18966160850216685
29197,0.10395953082056963
29199,0.053554067039367714
29201,0.1321143034902672
29203,0.16519838536691256
29205,0.11216569250545061
29207,0.038260391653907044
29209,0.07280236109126081
29211,0.09213983720185548
29213,-0.02697798517922645
29215,-0.029147618640074313
29217,0.600695417161222
29219,-0.0030408998693978173
29221,-0.02141935912040105
29223,-0.02956891288786334
29225,-0.026447899356308424
29227,0.07627361800225607
29229,-0.025666634666393184
29510,0.023344350403730063
30001,0.1734838240387122
30003,0.1756891129960595
30005,-0.0202101618571644
30007,0.06323185249637697
30009,0.28681520895603785
30011,0.30313711624063866
30013,0.26597711772430344
30015,0.16341350361115492
30017,0.12946367115579782
30019,0.1844103853112128
30021,0.21780004533031405
30023,0.2793283823733007
30025,0.028352042678853606
30027,0.021158344676070806
30029,0.18795609238280542
30031,0.206540183671846
30033,0.10226738236281108
30035,0.10314968293691751
30037,0.14848382088614764
30039,0.16230360028626256
30043,0.19868133806168353
30045,0.16197686295665537
30047,0.22131395403868515
30049,0.12743426341576947
30053,0.09183926934964537
30055,0.25060400284854034
30057,0.03988485485992099
30059,0.1196881537127924
30063,0.17642302137206944
30065,0.17361373934326085
30067,0.052754719218442214
30069,0.23026218334713155
30071,0.3169057167176106
30075,0.01896773363318116
30077,0.21877076865115985
30079,0.15179123259818417
30081,0.1367385928255963
30083,0.20455184492501077
30085,0.28318364513587546
30087,0.28765889303503667
30089,0.26597763872389857
30091,0.2804558567547478
30093,0.22913931066660043
30095,0.13591342167752563
30097,0.24241249054352032
30099,0.09752957923462935
30101,0.16050600047620256
30103,0.24937261277225486
30105,0.23876995593252692
30107,-0.029547720488332097
30109,0.20952947504605657
30111,0.15978202579290535
31001,0.27965482075365466
31003,0.28446459896222875
31005,0.14517532416472845
31007,0.25984190484142844
31009,0.31290666850362114
31011,0.05693606961234354
31013,0.24731769771368406
31015,0.2636121873005728
31017,0.2583999944999823
31019,0.10901330027018075
31021,0.11575107404023655
31023,0.3463763949464085
31025,0.1008375110395966
31027,0.1596998161453721
31029,0.25723863118559587
31031,0.2721977032775903
31033,0.23228862350041202
31035,0.18543216915826655
31037,0.2462441324382766
31039,0.33122103582690954
31041,0.21998094140700886
31043,-0.01714135833650876
31045,0.24531203658631295
31047,0.16883004050586703
31049,0.2914219743826688
31051,0.24032066485078374
31053,0.23146217354462284
31055,0.1794501806021025
31057,0.21845096530053698
31059,0.23019864199238171
31061,0.22785814921016834
31063,0.15543434490483832
31065,0.2848788426049015
31067,0.19244621819761487
31069,0.2548244648810213
31071,0.3299391256627494
31073,0.23908155203986003
31075,0.5453440948565274
31077,0.8407362783269019
31079,0.7021112024020439
31081,0.6564173742814838
31083,0.7362663611924596
31085,0.4224616798407792
31087,0.6042263779455094
31089,0.4739715839218721
31091,0.45354877317787945
31093,0.517798269170752
31095,0.5394877891742812
31097,0.46916303464404774
31099,0.4300335432586907
31101,0.35706540571766043
31103,0.6263756780487381
31105,0.4434083000270951
31107,0.450286773186539
31109,0.6427241019840261
31111,0.4762343966635487
31113,0.44553820632675367
31115,0.32436057720164635
31117,0.3501572886038049
31119,0.28534733836233406
31121,0.7577900699320825
31123,0.7974992547544673
31125,0.3009276254998213
31127,0.30454626974292975
31129,0.4977044547695839
31131,0.48002970657366484
31133,0.4696273634271345
31135,0.6470414264278654
31137,0.6592564226645836
31139,0.6088613438390629
31141,0.604373933882652
31143,0.6900869650435453
31145,0.6670947428104544
31147,0.6505985651618271
31149,0.6425118524921356
31151,0.4701509195371252
31153,0.4907844706193253
31155,0.399337632843744
31157,0.6153586226637193
31159,0.5880167266517755
31161,0.5791213745782982
31163,0.6821904883535335
31165,0.613014442569662
31167,0.5704408454453138
31169,0.5721108496930125
31171,0.2986720253609334
31173,0.5574268089970351
31175,0.649267808998687
31177,0.5862674434100206
31179,0.6543303192689462
31181,0.7505292888314713
31183,0.61829332003444
31185,0.6106974781866316
32003,0.5322570021454243
32005,0.5772371797467724
32007,0.5237668657273636
32009,0.5553083739954954
32017,0.5683576776319031
32019,0.5185661701432138
32023,0.5110443633699191
32029,0.28241102031223175
32031,0.5614766981478467
32033,0.5237610312632124
32510,0.17087079419160123
33001,0.6352944318186148
33003,0.37812070582877777
33007,0.43356212888178525
33009,0.5129244933029251
33013,0.48065882352177924
33019,0.5080743501305566
34001,0.5349250919712351
34005,0.4712231368412667
34007,0.38146529463497714
34011,0.3947296671165602
34015,0.6230197064760075
34019,0.5413715301493256
34021,0.5418387410270287
34023,0.47883847653970824
34025,0.4842884136089365
34027,0.6830642388196866
34029,0.5658582121770727
34033,0.6596240522081661
34035,0.7049047947611284
34037,0.6238937365312834
34041,0.4499557165421133
35001,0.4697352898180023
35003,0.43487425498520504
35005,0.5236810201078895
35006,0.5261245308508593
35007,0.42850456547816873
35009,0.5102690910362472
35011,0.5610032804201535
35013,0.5854626950225588
35015,0.5405808931098501
35017,0.6135342032476369
35019,0.57047684162316
35021,0.6100042981901888
35023,0.46947604260940135
35025,0.7080883318839963
35027,0.5739095087051715
35029,0.6484328130967191
35031,0.6532464083779974
35033,0.4964683829783727
35035,0.39001617715160564
35037,0.3703743335809916
35039,0.42646706286569014
35041,0.4685076590876912
35043,0.5137514437569048
35045,0.4600682384744028
35047,0.7590291876322477
35049,0.7369900663231403
35051,0.2850260813990666
35053,0.29725940929554506
35055,0.05680646657377564
35057,0.6528762766105126
35059,0.7106298638046358
35061,0.5768736249048627
36001,0.7604306836593453
36003,0.22798558845415384
36007,0.5112833475658685
36009,0.672897695706778
36011,0.6801643217413196
36013,0.6938851957510481
36015,0.4595998541118351
36017,0.40786330699502815
36019,0.5900147380444658
36021,0.14657339808006287
36023,0.4623263282772999
36025,0.2276202492217102
36027,0.04845973874971665
36029,0.21541430179048804
36031,0.21783869165783398
36033,0.06217295133469858
36035,0.17434026469628594
36037,0.22919478876759003
36039,0.3862854020624106
36043,0.239353715206156
36045,0.11797179845609329
36049,0.3077570979874398
36051,0.04499876457088703
36053,0.21350922579246567
36055,0.1543727985682979
36057,0.03663586410328268
36063,0.2773312268201379
36065,0.23998376080062145
36067,0.10030310602259529
36069,0.30805985404146685
36071,0.16193518753696912
36073,0.1495247547625188
36075,0.14296857812074004
36077,0.253320158911697
36083,0.26665552861699304
36089,0.21407604270028913
36091,0.2790059009377954
36093,0.13598646469717468
36095,0.22095993514974355
36097,0.4630947714228095
36099,0.2867333723332184
36101,0.22085608284789937
36103,0.14646841348355133
36105,0.18985248163309987
36107,0.4526103243038305
36109,0.4244842899729463
36111,0.33534660758360935
36113,0.26397437887806785
36115,0.26955978866468844
36117,0.39779908193779934
36121,0.0993897451938317
36123,0.16165619172669188
37001,0.20853822137936906
37003,0.3353308770755601
37005,0.42816680262816764
37007,0.3120920566578623
37013,0.054199958538964754
37015,0.5412145066502557
37017,0.2904465471787181
37019,0.5205149801747861
37021,0.5036440862806583
37023,0.5654664050097186
37025,0.4162064960035696
37027,0.3203131072812251
37029,0.630855266165349
37031,0.6406269106233826
37033,0.542429399323654
37035,0.5866752927223469
37037,0.5242880074664202
37041,0.2507141335966725
37043,0.19972166668276392
37045,0.4549746621594605
37047,0.4745333655503482
37049,0.49897770259955243
37051,0.272907470625512
37053,0.30631949927672597
37057,0.23966706918970804
37059,0.5441896066583984
37061,0.20863032537191417
37063,0.518675397126889
37065,0.5223415715319886
37067,0.5207956065992323
37069,0.3094680393507234
37071,0.29565490948531314
37073,0.2780451399787425
37077,0.47285776979331784
37079,0.49236092583008007
37081,0.620952767962342
37083,0.6310029044915189
37085,0.642935835279298
37087,0.6580497469504498
37089,0.5656740664356061
37091,0.5258464367016196
37093,0.5668301157092628
37095,0.4886210433463787
37097,0.2505610773153717
37101,0.5667947799568461
37103,0.5453734143524324
37105,0.5725662504671702
37107,0.5923940481040835
37109,0.4866907555147153
37111,0.635811608763969
37115,0.5937478891960981
37117,0.612273272517956
37119,0.12539943567190104
37123,0.29004044174748855
37125,0.3297622432243502
37127,0.4982418689174507
37129,0.4515729572832191
37131,0.4689036888801774
37133,0.2228954310754122
37135,0.27299350893998364
37139,0.2388438808897304
37141,0.5698429493006862
37143,0.29085459528749347
37145,0.26842478526758407
37147,0.2770030850804315
37149,0.6059690716395763
37151,0.5064896685766149
37153,0.45405878776505326
37155,0.24860356284871976
37157,0.3099448828094995
37159,0.45793609302903215
37161,0.492753087461158
37163,0.33734663323537084
37165,0.3184244296041968
37167,0.32172957134423597
37169,0.525434154997763
37171,0.4770031265935306
37175,0.16407815255347458
37177,0.2991664055858566
37179,0.35101179344358735
37181,0.4449350308452775
37183,0.39282543226461286
37185,0.25048127554959054
37187,0.25719769733056497
37191,0.3952788526995392
37193,0.29326415232924685
37195,0.2918257775025386
37197,0.44825380092822176
38001,0.39022097056296345
38003,0.4458605458556224
38005,0.3786771259416908
38007,0.4882292847433751
38009,0.1211966589341622
38011,0.3275537654805115
38013,0.131086766151554
38015,0.16672307403175646
38017,0.10574954287840621
38019,-0.010876836900151732
38021,0.008805964194504301
38023,0.1106244574500167
38025,0.07378021826388104
38027,0.15871018632540967
38029,0.045843845806894046
38031,0.12229286328878253
38033,0.017151620137849433
38035,0.1894421788940317
38037,0.19337641153986918
38039,0.06458136902965905
38041,0.2813701228087859
38043,0.12895049932557623
38045,0.08482171826190066
38047,0.029656639996318845
38049,0.12161628481681985
38051,0.09856429106429498
38053,0.03409195361766737
38055,0.2106121333361538
38057,0.1142504618145217
38059,-0.029923311237951333
38061,0.13500264724873745
38063,0.05672965021139553
38065,0.22728597149329055
38067,0.07575099859743151
38069,-0.024959035756990433
38071,0.13233620164642879
38073,0.0027323572885785685
38075,0.16179287632008066
38077,0.023876657595521378
38079,0.023952234470996592
38081,0.0863844530829283
38083,0.12702961731724993
38085,0.03164779539208351
38087,0.17746845930457888
38089,0.1416599618595007
38091,-0.0015807838538053343
38093,0.1383859314435626
38095,0.1537851904152926
38097,0.19602049070947847
38099,0.14639922720404397
38101,0.23362128461060094
38103,0.26380897315407925
38105,0.18751641404941755
39001,0.27557001481077803
39003,0.1733699680766987
39005,0.19517316311540245
39007,0.35699624045051526
39009,0.4078632007788072
39011,0.12152485720655026
39013,0.19016595149208182
39015,0.21070424835958068
39017,0.15252645436297574
39019,0.21680018626377684
39021,0.1533317070015644
39023,0.37964138242579293
39025,0.34424738941878796
39027,0.25176679932402535
39029,0.20848397230313265
39031,0.3983084703726426
39033,0.34534589142390537
39035,0.36874431964457277
39037,0.3745178522668482
39039,0.38769862436111124
39041,0.35049668174470805
39043,0.23548200060048718
39045,0.2572572495777854
39047,0.33509542922643665
39049,0.2103384556042891
39051,0.14556301547466244
39053,0.21283707714832945
39055,0.2441196020590437
39057,0.197251213568843
39059,0.1764960312197682
39061,0.3140732302824123
39063,0.17224156209040375
39065,0.26748008291046876
39067,0.23020408534707248
39069,0.18448498162056304
39071,0.42918254468852324
39073,0.35062632924183856
39075,0.45706289807615064
39077,0.5971523481848864
39079,0.6983744137058658
39081,0.6473722834683804
39083,0.5739892593715654
39085,0.628773514812885
39087,0.6612586281254447
39089,0.7395966426150056
39091,0.7499469325531516
39093,0.5491628172934047
39095,0.5347722392273264
39097,0.6269422071910103
39099,0.6205728101824743
39101,0.47807687912490593
39103,0.635293845684298
39105,0.6151186900860786
39107,0.6058401362190307
39109,0.5537763691258939
39111,0.7279291456506827
39113,0.7288517113021353
39115,0.609269360034056
39117,0.5794937409778219
39119,0.5263929991381042
39121,0.7458428775998855
39123,0.7131624076980673
39125,0.6906774183476754
39127,0.4767970307370498
39129,0.5529060996834201
39131,0.6054915994419833
39133,0.6199080626429552
39135,0.43385162556618906
39137,0.36685089502351165
39139,0.4996708139921592
39141,0.5526323208238735
39143,0.7495431503581601
39145,0.41880406232406997
39147,0.4857086087592274
39149,0.3697504725850381
39151,0.5444915328323652
39153,0.7272850144916561
39155,0.7048354260827052
39157,0.635698583551924
39159,0.809391140743224
39161,0.7016422487742272
39163,0.6525401189509086
39165,0.5114896613372187
39167,0.1321807702174329
39169,0.11713997726733272
39171,0.06527340230302892
39173,0.14553292273678609
39175,0.11189726677585088
40001,0.09418563151241921
40003,0.14516840645250562
40005,0.14178662143824838
40007,0.01705431754414155
40009,0.04540098550334848
40011,0.1405645626813965
40013,-0.021312652246808783
40015,0.1373834788609959
40017,0.08943154204458592
40019,-0.020005382266029992
40021,0.008351121920735505
40023,0.18838585359668258
40025,0.20889091218860756
40027,0.1254105832580794
40029,0.05063035594806009
40031,0.04552133602796382
40033,-0.0041808096170288245
40035,0.0762046888895912
40037,0.05290975115118168
40039,0.11667234098598378
40041,0.04103261739357855
40043,0.10708601591702682
40045,0.23157453771360703
40047,0.2758012042992253
40049,0.15910340053534
40051,0.15387919055261612
40053,0.11553120369396208
40055,0.24859903761882562
40057,0.26399821932436496
40059,0.13370255922840912
40061,-0.01511437684880268
40063,0.10352591372149744
40065,0.10056078072110863
40067,0.029451525459079142
40069,0.08447667595475683
40071,0.07885908118325802
40073,0.07735937790685243
40075,0.1332484983586989
40077,0.10931909175105659
40079,0.14425063564813567
40081,0.06614145413217798
40083,0.2711685348967322
40085,0.011163223332023797
40087,0.03918990633718189
40089,0.13315201323960058
40091,0.08428309333848094
40093,-0.007199905847222077
40095,0.12712456668147487
40097,0.126195005213263
40099,0.27714437433122596
40101,0.24511384784073875
40103,0.08800935151818368
40105,-0.008792044780893349
40107,0.06822450659926582
40109,-0.006027646324263669
40111,-0.02587336768098547
40113,0.0690620962836268
40115,0.07425510664529389
40117,0.12026138597364344
40119,0.11177545500591057
40121,0.0098447859025107
40123,0.06617039666768032
40125,0.00893735989276323
40127,0.03347292367113108
40129,-0.003456847809076624
40131,0.059785457369851525
40133,0.04892262232930855
40135,0.028683029871349075
40137,0.010811720973227357
40139,0.07698212899856516
40141,0.25260325388336946
40143,0.026615082013248914
40145,0.07381369580356179
40147,0.08857668383175044
40149,-0.007611234444381276
40151,0.08181918767551455
40153,0.03311963179990263
41001,-0.014998378489281983
41003,-0.015164328366823021
41005,0.11847532114265491
41009,0.0993159832687941
41011,0.012114713556982903
41013,0.08268216024191466
41017,0.12470072630501283
41019,0.13193514126630956
41025,0.47538236655137567
41027,0.5291400249739702
41029,0.5880251251259602
41031,0.5179370566551444
41033,0.49549238019874287
41035,0.47348842593110285
41037,0.6628953759401777
41039,0.5191346814480818
41043,0.19344730795844467
41045,0.11145843253217913
41047,0.19674629835159096
41049,0.3633504449064118
41051,0.21687017213397553
41053,0.6336921705954947
41055,0.7275830156153578
41059,0.4618070340493955
41061,0.5480125261882121
41063,0.5467874541210607
41065,0.42936048176585717
41067,0.4211194535440791
41071,0.49860777530866895
42001,0.4260858557893473
42003,0.4556573381330379
42005,0.38931239331817213
42007,0.4477167318613393
42009,0.4341300858297037
42011,0.48823783751897365
42013,0.50379322663142
42015,0.417783038467619
42017,0.3638436035149575
42019,0.6141014631143111
42021,0.4264989112161144
42025,0.2724732334935326
42027,0.5053291353036966
42029,0.6483856563348092
42031,0.4750927758386031
42033,0.43747414340382407
42037,0.38502160613839065
42039,0.5669722643782926
42041,0.42239861205887086
42043,0.42823825948879224
42045,0.4302528491288873
42049,0.4643012450199222
42051,0.5891100762252901
42055,0.3856978538229442
42057,0.4935595865644382
42059,0.4380378331167343
42061,0.5621525934764952
42063,0.46335809705140873
42065,0.4697504898379431
42067,0.4364558344282702
42069,0.3930115414929002
42071,0.5055670414509832
42073,0.40894559622339577
42075,0.3518914797638081
42077,0.3745204233462116
42079,0.5624270548385649
42081,0.2557317699959968
42083,0.3770026108338591
42085,0.23516555536675543
42087,0.41016471365477847
42089,0.3715717270597757
42091,0.4510021619402166
42093,0.4633191445910636
42095,0.4356487531188654
42097,0.38137176380952853
42099,0.518780082614203
42103,0.21289268532124817
42105,0.4749401181943924
42107,0.39096124116453845
42109,0.5366784005410374
42111,0.5438165152903247
42113,0.3252161038661634
42115,0.5779489932216055
42117,0.34350827309662957
42119,0.7437241090221319
42121,0.422359695568426
42123,0.5821069730195504
42125,0.5422299172783879
42127,0.4168118239451313
42129,0.3916525828600663
42131,0.6702305997248547
42133,0.35575667421708235
44007,0.3430753720388321
45001,0.3369136106940024
45003,0.5847544071364956
45005,0.5577100279241116
45007,0.5579087592679084
45009,0.3577914391982293
45011,0.32580249375498394
45013,0.538065916683161
45015,0.4320013049821618
45017,0.5492549532306867
45019,0.5133241411245135
45021,0.5548878514080331
45023,0.5282059840502727
45025,0.48190638078898007
45027,0.43378731457034225
45029,0.3873967013451165
45031,0.3893727693168648
45033,0.5378024058551454
45035,0.7279244632685722
45037,0.6450593735289971
45039,0.5716615805478629
45041,0.29430624040541575
45043,0.38725332668653567
45045,0.5337992436483432
45047,0.5298839665790722
45049,0.5156362151471168
45051,0.5412905051749779
45053,0.46509680894038385
45055,0.5132556807678837
45057,0.3785408999821136
45059,0.5842497674746958
45061,0.5592183507888953
45063,0.6104282669978998
45065,0.4069070414334285
45067,0.41885348836369807
45069,0.5966700385312005
45071,0.47588644854430406
45073,0.698212253570137
45075,0.44518054522299944
45077,0.39931970760592184
45079,0.45317507076195473
45081,0.3611173202266206
45083,0.5646752531424044
45085,0.6053464778710959
45087,0.6029313350557692
45089,0.47485447684455895
45091,0.4064067270895467
46003,0.5268489524051538
46005,0.38735539104878913
46007,0.5142264617751044
46009,0.4576930856292728
46011,0.39242010883412426
46013,0.4582113761282187
46015,0.5135096894791196
46017,0.5268319782938169
46019,0.5876391680488443
46021,0.5728146045232975
46023,0.449318369786989
46025,0.33766973826247126
46027,0.6170927725028748
46029,0.5431710603214408
46031,0.47193707494274917
46033,0.015897753526308844
46035,0.04601948785640941
46037,0.036231117691329695
46039,0.05344868457610108
46041,-0.011739590446298909
46043,0.23355668763509918
46045,0.747429359096266
46047,0.4422286716529905
46049,0.16343299571733194
46051,0.07165996068169722
46053,0.04381191007672214
46055,0.0444567389294388
46057,0.14223545551181538
46059,0.06867134839879285
46061,0.14267767897718264
46063,0.015696811907344732
46065,-0.027142207063378443
46067,0.16964886537346835
46069,0.07472064655396038
46071,0.004840270135189062
46073,0.12861022870817018
46075,0.2495866388184831
46077,0.13770106879603572
46079,0.18512456957898904
46081,0.2087876636291751
46083,0.14220041649594373
46085,-0.009832902795124276
46087,0.04660717715163731
46089,0.12037551935028346
46091,0.22605713382598525
46093,0.15200136037689904
46095,0.16912358694439067
46097,0.27993150104730224
46099,0.1763903849804549
46101,0.15347368895268265
46103,0.22448300562116097
46105,0.29935324130527363
46107,0.4362894912595572
46109,0.19319585946700657
46111,0.07554681456285495
46113,0.08924105075028899
46115,0.060108864789299554
46117,0.08467641420799366
46119,0.024791786355948142
46121,0.4172180874630911
46123,0.13546203510385446
46125,0.28758076753551365
46127,0.1099952171606049
46129,0.21550903036757874
46135,0.23908415162518848
46137,0.19716948222476938
47001,0.23722737059778276
47003,0.21453097663444654
47005,0.14998718302088654
47007,0.0689454324209402
47009,0.2969044179505672
47011,0.19513899502413756
47013,0.030279956490179116
47015,0.12344976770419647
47017,0.0864641236049708
47019,0.07316367059710505
47021,0.2071397389819799
47023,0.2379778199822693
47025,0.07683090040174967
47027,0.23174270000240849
47029,0.3090316987881301
47031,0.08264703122418571
47033,0.14258465492357542
47035,-0.029653457297820207
47037,0.14982070153701055
47039,0.17894906332971305
47041,0.03808549432448649
47043,0.14517043401475827
47045,0.20191100806048556
47047,0.1161011981435498
47049,0.09392533513953505
47051,0.19807235329100814
47053,0.2241198283917376
47055,0.03688196057496829
47057,-0.014840129789249534
47059,0.008799575123741299
47061,-0.030027587087981367
47063,0.02739347209857035
47065,0.10676288386760435
47067,0.25695713831229783
47069,0.18105350696938527
47071,0.26984485776961475
47073,0.06207122676594057
47075,-0.02621722905628432
47077,0.009883857663061102
47079,-0.00670291929169875
47081,0.17531510811196604
47083,0.14154897542150247
47085,0.271653547008754
47087,0.015308058326769736
47089,0.1735553136628315
47091,0.1792452617945336
47093,0.10091931798152898
47095,-0.015451194767085008
47097,0.11210213505241085
47099,0.0029789612313118052
47101,0.22139289723886102
47103,0.18810521304070082
47105,0.010716347804454407
47107,0.14311215251315978
47109,0.2188478448070913
47111,0.3034964410686096
47113,0.2609174308465979
47115,0.2761557247281653
47117,0.15443519787447613
47119,0.391710673405238
47121,0.568755576567513
47123,0.33421417307081225
47125,0.12949419371313609
47127,0.285044140932348
47129,0.34862444624447175
47131,0.28658170840377095
47133,0.17940532196998427
47135,0.1728407784278302
47137,0.1374262957709932
47139,0.002448445884826733
47141,0.024976394032591
47143,0.1927390287404116
47145,0.11073534950976449
47147,0.2702261109989592
47149,0.2673330792134663
47151,0.10625465341666329
47153,0.1484312876454894
47155,0.15858791125973415
47157,0.0718657304948771
47159,0.28846511203815006
47161,0.33593927493223896
47163,0.4208063775934535
47165,0.24338027655939698
47167,0.518534355551858
47169,0.44908347645029256
47173,0.251564140418466
47175,0.0018222000373281366
47177,0.06293786263424339
47179,0.18757742570113933
47181,0.03866551874217128
47183,0.1028556273419764
47185,0.16393049054013153
47187,0.34083346046191054
47189,0.20818244213070125
48001,0.14846799360177265
48003,0.1696012246588222
48005,0.24595623201130368
48007,0.24231135657818414
48009,0.250676274595406
48011,0.1998355610152911
48013,0.22228957220028034
48015,0.0686774615164909
48017,0.13349189379032256
48019,0.010896728377556841
48021,0.06151831404816288
48023,0.27317681387704973
48025,0.21252905851384107
48027,0.18368027903590411
48029,0.19962972199107576
48031,0.02969752212809773
48033,0.003575085012133883
48035,0.0665257167044826
48037,0.23741545683104803
48039,0.14850336618532345
48041,0.27251386095222696
48043,0.37921780673165606
48045,0.1858105484998137
48047,0.15903029888900777
48049,0.1442463533506979
48051,0.11125703072359294
48053,0.16967593402523873
48055,0.18350408894290726
48057,0.31925409335582144
48059,0.396779323263303
48061,0.09069312684539244
48063,0.11416255509207329
48065,0.15169855759283324
48067,0.08590665869225222
48069,0.19173175095451866
48071,0.1821533292355031
48073,0.07530846946084935
48075,0.029356105526727516
48077,0.03047339315804809
48079,0.01114106724668884
48081,0.20119367854854997
48083,0.24837182447011108
48085,0.29554904164626006
48087,0.3241833300480599
48089,0.15568090275051583
48091,0.18413806496122975
48093,0.15878274101713896
48095,0.4207887199151381
48097,0.37321452504252783
48099,0.422504050239062
48101,0.32434041578855666
48105,0.3322910004798808
48107,0.4140160771314737
48109,0.026412229072443005
48111,0.17418676130088284
48113,0.1844397854199047
48115,0.10951056621616961
48117,0.05585615055507143
48119,0.15045082332675608
48121,0.29035827756962984
48123,0.3073133789468021
48125,0.2880927387808462
48127,0.25474811954405296
48129,0.33918743091649073
48131,0.15713957134696643
48133,0.24193620969078355
48135,0.21812170935429698
48137,0.30750089465573793
48139,0.3558534059143902
48141,0.20693273388640576
48143,0.20628023669094941
48145,0.21617015362371783
48147,0.3974506904832502
48149,0.0507010264879989
48151,0.21250590076351683
48153,0.16170851487546412
48155,0.3110413161509007
48157,0.13157978747253518
48159,0.17360020326763448
48161,0.10023874245588515
48163,0.19520703481107504
48165,0.2907454028205997
48167,0.4876054482330836
48169,0.2197009967707131
48171,0.28178162325453693
48173,0.324152276158974
48175,-0.023430417362082512
48177,0.17103238871457382
48179,0.32777663471601526
48181,0.3530413974668922
48183,0.4106812891077676
48185,0.3678106540545858
48187,0.16150458831209735
48189,0.09043251906623062
48191,0.1164664810633046
48193,0.17753027327472992
48195,0.17066392282840415
48197,0.10999536914423202
48199,0.16563826080666788
48201,0.1564872129365703
48203,-0.020055536800058338
48205,0.13601836271011647
48207,0.059614099075422144
